{
  "geometry" : {
    "boundingBox" : {
      "max" : [
        0.09967784,
        0.32735085,
        0.037123233
      ],
      "min" : [
        -0.09967785,
        0,
        -0.037123226
      ]
    },
    "keypoints" : [
      [
        -0.09967785,
        0,
        -0.037123226
      ],
      [
        0.09967784,
        0,
        -0.037123226
      ],
      [
        -0.09967785,
        0.32735085,
        -0.037123226
      ],
      [
        -0.09967785,
        0,
        0.037123233
      ],
      [
        0.09967784,
        0.32735085,
        -0.037123226
      ],
      [
        -0.09967785,
        0.32735085,
        0.037123233
      ],
      [
        0.09967784,
        0,
        0.037123233
      ],
      [
        0.09967784,
        0.32735085,
        0.037123233
      ]
    ]
  },
  "viewLimits" : {
    "excludesBacksideViews" : false,
    "excludesBottomViews" : false,
    "isGravityAligned" : false
  }
}